table,cell,dataset,runs,seeds_completed,seeds_required,status,detail
I,FedAvg,cifar10,main_cifar10_federated_s0;main_cifar10_federated_s1;main_cifar10_federated_s2;main_cifar10_federated_s3;main_cifar10_federated_s4,5,5,complete,completed-valid
I,FedAvg,cifar100,main_cifar100_federated_s0;main_cifar100_federated_s1;main_cifar100_federated_s2;main_cifar100_federated_s3;main_cifar100_federated_s4,5,5,complete,completed-valid
I,FedAvg,ham10000,main_ham10000_federated_s0;main_ham10000_federated_s1;main_ham10000_federated_s2;main_ham10000_federated_s3;main_ham10000_federated_s4,5,5,complete,completed-valid
I,FedAvg,imagenet1k,,0,5,blocked-data,blocked-data: data/ImageNet -> /media/jackson/Data/HSF-P/ImageNet is empty
I,FedProx,cifar10,fed_cifar10_fedprox_s0;fed_cifar10_fedprox_s1;fed_cifar10_fedprox_s2;fed_cifar10_fedprox_s3;fed_cifar10_fedprox_s4,1,5,partial,"completed-valid,queued"
I,FedProx,cifar100,fed_cifar100_fedprox_s0;fed_cifar100_fedprox_s1;fed_cifar100_fedprox_s2;fed_cifar100_fedprox_s3;fed_cifar100_fedprox_s4,0,5,missing,"queued,running-healthy"
I,FedProx,ham10000,fed_ham10000_fedprox_s0;fed_ham10000_fedprox_s1;fed_ham10000_fedprox_s2;fed_ham10000_fedprox_s3;fed_ham10000_fedprox_s4,0,5,missing,queued
I,FedProx,imagenet1k,,0,5,blocked-data,blocked-data: data/ImageNet -> /media/jackson/Data/HSF-P/ImageNet is empty
I,FedNova,cifar10,fed_cifar10_fednova_s0;fed_cifar10_fednova_s1;fed_cifar10_fednova_s2;fed_cifar10_fednova_s3;fed_cifar10_fednova_s4,0,5,missing,queued
I,FedNova,cifar100,fed_cifar100_fednova_s0;fed_cifar100_fednova_s1;fed_cifar100_fednova_s2;fed_cifar100_fednova_s3;fed_cifar100_fednova_s4,0,5,missing,queued
I,FedNova,ham10000,fed_ham10000_fednova_s0;fed_ham10000_fednova_s1;fed_ham10000_fednova_s2;fed_ham10000_fednova_s3;fed_ham10000_fednova_s4,0,5,missing,queued
I,FedNova,imagenet1k,,0,5,blocked-data,blocked-data: data/ImageNet -> /media/jackson/Data/HSF-P/ImageNet is empty
I,HierFL,cifar10,main_cifar10_hierfl_s0;main_cifar10_hierfl_s1;main_cifar10_hierfl_s2;main_cifar10_hierfl_s3;main_cifar10_hierfl_s4,5,5,complete,completed-valid
I,HierFL,cifar100,main_cifar100_hierfl_s0;main_cifar100_hierfl_s1;main_cifar100_hierfl_s2;main_cifar100_hierfl_s3;main_cifar100_hierfl_s4,5,5,complete,completed-valid
I,HierFL,ham10000,main_ham10000_hierfl_s0;main_ham10000_hierfl_s1;main_ham10000_hierfl_s2;main_ham10000_hierfl_s3;main_ham10000_hierfl_s4,5,5,complete,completed-valid
I,HierFL,imagenet1k,,0,5,blocked-data,blocked-data: data/ImageNet -> /media/jackson/Data/HSF-P/ImageNet is empty
I,SplitFed,cifar10,main_cifar10_splitfl_s0;main_cifar10_splitfl_s1;main_cifar10_splitfl_s2;main_cifar10_splitfl_s3;main_cifar10_splitfl_s4,5,5,complete,completed-valid
I,SplitFed,cifar100,main_cifar100_splitfl_s0;main_cifar100_splitfl_s1;main_cifar100_splitfl_s2;main_cifar100_splitfl_s3;main_cifar100_splitfl_s4,5,5,complete,completed-valid
I,SplitFed,ham10000,main_ham10000_splitfl_s0;main_ham10000_splitfl_s1;main_ham10000_splitfl_s2;main_ham10000_splitfl_s3;main_ham10000_splitfl_s4,5,5,complete,completed-valid
I,SplitFed,imagenet1k,,0,5,blocked-data,blocked-data: data/ImageNet -> /media/jackson/Data/HSF-P/ImageNet is empty
I,HeteroSFL,cifar10,main_cifar10_hetero-sfl_s0;main_cifar10_hetero-sfl_s1;main_cifar10_hetero-sfl_s2;main_cifar10_hetero-sfl_s3;main_cifar10_hetero-sfl_s4,5,5,complete (suspect seeds: 3),"completed-suspect,completed-valid"
I,HeteroSFL,cifar100,main_cifar100_hetero-sfl_s0;main_cifar100_hetero-sfl_s1;main_cifar100_hetero-sfl_s2;main_cifar100_hetero-sfl_s3;main_cifar100_hetero-sfl_s4,5,5,complete,completed-valid
I,HeteroSFL,ham10000,main_ham10000_hetero-sfl_s0;main_ham10000_hetero-sfl_s1;main_ham10000_hetero-sfl_s2;main_ham10000_hetero-sfl_s3;main_ham10000_hetero-sfl_s4,5,5,complete,completed-valid
I,HeteroSFL,imagenet1k,,0,5,blocked-data,blocked-data: data/ImageNet -> /media/jackson/Data/HSF-P/ImageNet is empty
I,HSFL (A),cifar10,main_cifar10_hsfl_s0;main_cifar10_hsfl_s1;main_cifar10_hsfl_s2;main_cifar10_hsfl_s3;main_cifar10_hsfl_s4,5,5,complete,completed-valid
I,HSFL (A),cifar100,main_cifar100_hsfl_s0;main_cifar100_hsfl_s1;main_cifar100_hsfl_s2;main_cifar100_hsfl_s3;main_cifar100_hsfl_s4,5,5,complete,completed-valid
I,HSFL (A),ham10000,main_ham10000_hsfl_s0;main_ham10000_hsfl_s1;main_ham10000_hsfl_s2;main_ham10000_hsfl_s3;main_ham10000_hsfl_s4,5,5,complete,completed-valid
I,HSFL (A),imagenet1k,,0,5,blocked-data,blocked-data: data/ImageNet -> /media/jackson/Data/HSF-P/ImageNet is empty
I,H-SFP (A),cifar10,main_cifar10_hsfp_s0;main_cifar10_hsfp_s1;main_cifar10_hsfp_s2;main_cifar10_hsfp_s3;main_cifar10_hsfp_s4,5,5,complete,completed-valid
I,H-SFP (A),cifar100,main_cifar100_hsfp_s0;main_cifar100_hsfp_s1;main_cifar100_hsfp_s2;main_cifar100_hsfp_s3;main_cifar100_hsfp_s4,5,5,complete,completed-valid
I,H-SFP (A),ham10000,main_ham10000_hsfp_s0;main_ham10000_hsfp_s1;main_ham10000_hsfp_s2;main_ham10000_hsfp_s3;main_ham10000_hsfp_s4,5,5,complete (suspect seeds: 1),"completed-suspect,completed-valid"
I,H-SFP (A),imagenet1k,,0,5,blocked-data,blocked-data: data/ImageNet -> /media/jackson/Data/HSF-P/ImageNet is empty
I,E-HSFP,cifar10,main_cifar10_ehsfp_s0;main_cifar10_ehsfp_s1;main_cifar10_ehsfp_s2;main_cifar10_ehsfp_s3;main_cifar10_ehsfp_s4,5,5,complete,completed-valid
I,E-HSFP,cifar100,main_cifar100_ehsfp_s0;main_cifar100_ehsfp_s1;main_cifar100_ehsfp_s2;main_cifar100_ehsfp_s3;main_cifar100_ehsfp_s4,5,5,complete,completed-valid
I,E-HSFP,ham10000,main_ham10000_ehsfp_s0;main_ham10000_ehsfp_s1;main_ham10000_ehsfp_s2;main_ham10000_ehsfp_s3;main_ham10000_ehsfp_s4,5,5,complete,completed-valid
I,E-HSFP,imagenet1k,,0,5,blocked-data,blocked-data: data/ImageNet -> /media/jackson/Data/HSF-P/ImageNet is empty
I,FedProto,cifar10,,0,5,blocked-implementation,blocked-implementation: no FedProto/FedGen/FedDF implementation exists in this repo
I,FedProto,cifar100,,0,5,blocked-implementation,blocked-implementation: no FedProto/FedGen/FedDF implementation exists in this repo
I,FedProto,ham10000,,0,5,blocked-implementation,blocked-implementation: no FedProto/FedGen/FedDF implementation exists in this repo
I,FedProto,imagenet1k,,0,5,blocked-implementation,blocked-implementation: no FedProto/FedGen/FedDF implementation exists in this repo
I,FedGen,cifar10,,0,5,blocked-implementation,blocked-implementation: no FedProto/FedGen/FedDF implementation exists in this repo
I,FedGen,cifar100,,0,5,blocked-implementation,blocked-implementation: no FedProto/FedGen/FedDF implementation exists in this repo
I,FedGen,ham10000,,0,5,blocked-implementation,blocked-implementation: no FedProto/FedGen/FedDF implementation exists in this repo
I,FedGen,imagenet1k,,0,5,blocked-implementation,blocked-implementation: no FedProto/FedGen/FedDF implementation exists in this repo
I,FedDF,cifar10,,0,5,blocked-implementation,blocked-implementation: no FedProto/FedGen/FedDF implementation exists in this repo
I,FedDF,cifar100,,0,5,blocked-implementation,blocked-implementation: no FedProto/FedGen/FedDF implementation exists in this repo
I,FedDF,ham10000,,0,5,blocked-implementation,blocked-implementation: no FedProto/FedGen/FedDF implementation exists in this repo
I,FedDF,imagenet1k,,0,5,blocked-implementation,blocked-implementation: no FedProto/FedGen/FedDF implementation exists in this repo
II,FedAvg,isic2018,main_isic2018_federated_s0;main_isic2018_federated_s1;main_isic2018_federated_s2;main_isic2018_federated_s3;main_isic2018_federated_s4,5,5,complete (suspect seeds: 2),"completed-suspect,completed-valid"
II,HierFL,isic2018,main_isic2018_hierfl_s0;main_isic2018_hierfl_s1;main_isic2018_hierfl_s2;main_isic2018_hierfl_s3;main_isic2018_hierfl_s4,5,5,complete,completed-valid
II,SplitFed,isic2018,main_isic2018_splitfl_s0;main_isic2018_splitfl_s1;main_isic2018_splitfl_s2;main_isic2018_splitfl_s3;main_isic2018_splitfl_s4,5,5,complete,completed-valid
II,HeteroSFL,isic2018,main_isic2018_hetero-sfl_s0;main_isic2018_hetero-sfl_s1;main_isic2018_hetero-sfl_s2;main_isic2018_hetero-sfl_s3;main_isic2018_hetero-sfl_s4,5,5,complete (suspect seeds: 5),completed-suspect
II,HSFL (A),isic2018,main_isic2018_hsfl_s0;main_isic2018_hsfl_s1;main_isic2018_hsfl_s2;main_isic2018_hsfl_s3;main_isic2018_hsfl_s4,5,5,complete,completed-valid
II,H-SFP (A),isic2018,main_isic2018_hsfp_s0;main_isic2018_hsfp_s1;main_isic2018_hsfp_s2;main_isic2018_hsfp_s3;main_isic2018_hsfp_s4,5,5,complete,completed-valid
II,E-HSFP,isic2018,main_isic2018_ehsfp_s0;main_isic2018_ehsfp_s1;main_isic2018_ehsfp_s2;main_isic2018_ehsfp_s3;main_isic2018_ehsfp_s4,1,5,partial,"completed-valid,queued,running-healthy"
III,p=0,cifar100,dropout_cifar100_p0p0_s0;dropout_cifar100_p0p0_s1;dropout_cifar100_p0p0_s2;dropout_cifar100_p0p0_s3;dropout_cifar100_p0p0_s4,0,5,missing,queued
III,p=0.1,cifar100,dropout_cifar100_p0p1_s0;dropout_cifar100_p0p1_s1;dropout_cifar100_p0p1_s2;dropout_cifar100_p0p1_s3;dropout_cifar100_p0p1_s4,0,5,missing,queued
III,p=0.2,cifar100,main_cifar100_ehsfp_s0;main_cifar100_ehsfp_s1;main_cifar100_ehsfp_s2;main_cifar100_ehsfp_s3;main_cifar100_ehsfp_s4,5,5,complete,completed-valid
III,p=0.3,cifar100,dropout_cifar100_p0p3_s0;dropout_cifar100_p0p3_s1;dropout_cifar100_p0p3_s2;dropout_cifar100_p0p3_s3;dropout_cifar100_p0p3_s4,0,5,missing,queued
III,p=0.5,cifar100,dropout_cifar100_p0p5_s0;dropout_cifar100_p0p5_s1;dropout_cifar100_p0p5_s2;dropout_cifar100_p0p5_s3;dropout_cifar100_p0p5_s4,0,5,missing,queued
IV,tau=0,cifar100,main_cifar100_ehsfp_s0;main_cifar100_ehsfp_s1;main_cifar100_ehsfp_s2;main_cifar100_ehsfp_s3;main_cifar100_ehsfp_s4,5,5,complete,completed-valid
IV,tau=1,cifar100,stale_cifar100_tau1_s0;stale_cifar100_tau1_s1;stale_cifar100_tau1_s2;stale_cifar100_tau1_s3;stale_cifar100_tau1_s4,0,5,missing,queued
IV,tau=3,cifar100,stale_cifar100_tau3_s0;stale_cifar100_tau3_s1;stale_cifar100_tau3_s2;stale_cifar100_tau3_s3;stale_cifar100_tau3_s4,0,5,missing,queued
IV,tau=5,cifar100,stale_cifar100_tau5_s0;stale_cifar100_tau5_s1;stale_cifar100_tau5_s2;stale_cifar100_tau5_s3;stale_cifar100_tau5_s4,0,5,missing,queued
IV,tau=10,cifar100,stale_cifar100_tau10_s0;stale_cifar100_tau10_s1;stale_cifar100_tau10_s2;stale_cifar100_tau10_s3;stale_cifar100_tau10_s4,0,5,missing,queued
V,No event loss,cifar100,sv_cifar100_none_s0;sv_cifar100_none_s1;sv_cifar100_none_s2;sv_cifar100_none_s3;sv_cifar100_none_s4,0,5,missing,queued
V,Function timeout,cifar100,sv_cifar100_timeout_s0;sv_cifar100_timeout_s1;sv_cifar100_timeout_s2;sv_cifar100_timeout_s3;sv_cifar100_timeout_s4,0,5,missing,queued
V,Cold-start delay,cifar100,sv_cifar100_coldstart_s0;sv_cifar100_coldstart_s1;sv_cifar100_coldstart_s2;sv_cifar100_coldstart_s3;sv_cifar100_coldstart_s4,0,5,missing,queued
V,Partial edge execution,cifar100,sv_cifar100_partial_s0;sv_cifar100_partial_s1;sv_cifar100_partial_s2;sv_cifar100_partial_s3;sv_cifar100_partial_s4,0,5,missing,queued
V,Missing edge update,cifar100,sv_cifar100_missedge_s0;sv_cifar100_missedge_s1;sv_cifar100_missedge_s2;sv_cifar100_missedge_s3;sv_cifar100_missedge_s4,0,5,missing,queued
V,Combined serverless stress,cifar100,sv_cifar100_combined_s0;sv_cifar100_combined_s1;sv_cifar100_combined_s2;sv_cifar100_combined_s3;sv_cifar100_combined_s4,0,5,missing,queued
VI,cifar10 | IID | H-SFP,cifar10,main_cifar10_hsfp_s0;main_cifar10_hsfp_s1;main_cifar10_hsfp_s2;main_cifar10_hsfp_s3;main_cifar10_hsfp_s4,5,5,complete,completed-valid
VI,cifar10 | IID | E-HSFP,cifar10,main_cifar10_ehsfp_s0;main_cifar10_ehsfp_s1;main_cifar10_ehsfp_s2;main_cifar10_ehsfp_s3;main_cifar10_ehsfp_s4,5,5,complete,completed-valid
VI,cifar10 | Non-IID mild | H-SFP,cifar10,noniid_a0p7_cifar10_hsfp_s0;noniid_a0p7_cifar10_hsfp_s1;noniid_a0p7_cifar10_hsfp_s2;noniid_a0p7_cifar10_hsfp_s3;noniid_a0p7_cifar10_hsfp_s4,0,5,missing,queued
VI,cifar10 | Non-IID mild | E-HSFP,cifar10,noniid_a0p7_cifar10_ehsfp_s0;noniid_a0p7_cifar10_ehsfp_s1;noniid_a0p7_cifar10_ehsfp_s2;noniid_a0p7_cifar10_ehsfp_s3;noniid_a0p7_cifar10_ehsfp_s4,0,5,missing,queued
VI,cifar10 | Non-IID severe | H-SFP,cifar10,noniid_a0p3_cifar10_hsfp_s0;noniid_a0p3_cifar10_hsfp_s1;noniid_a0p3_cifar10_hsfp_s2;noniid_a0p3_cifar10_hsfp_s3;noniid_a0p3_cifar10_hsfp_s4,0,5,missing,queued
VI,cifar10 | Non-IID severe | E-HSFP,cifar10,noniid_a0p3_cifar10_ehsfp_s0;noniid_a0p3_cifar10_ehsfp_s1;noniid_a0p3_cifar10_ehsfp_s2;noniid_a0p3_cifar10_ehsfp_s3;noniid_a0p3_cifar10_ehsfp_s4,0,5,missing,queued
VI,cifar100 | IID | H-SFP,cifar100,main_cifar100_hsfp_s0;main_cifar100_hsfp_s1;main_cifar100_hsfp_s2;main_cifar100_hsfp_s3;main_cifar100_hsfp_s4,5,5,complete,completed-valid
VI,cifar100 | IID | E-HSFP,cifar100,main_cifar100_ehsfp_s0;main_cifar100_ehsfp_s1;main_cifar100_ehsfp_s2;main_cifar100_ehsfp_s3;main_cifar100_ehsfp_s4,5,5,complete,completed-valid
VI,cifar100 | Non-IID mild | H-SFP,cifar100,noniid_a0p7_cifar100_hsfp_s0;noniid_a0p7_cifar100_hsfp_s1;noniid_a0p7_cifar100_hsfp_s2;noniid_a0p7_cifar100_hsfp_s3;noniid_a0p7_cifar100_hsfp_s4,0,5,missing,queued
VI,cifar100 | Non-IID mild | E-HSFP,cifar100,noniid_a0p7_cifar100_ehsfp_s0;noniid_a0p7_cifar100_ehsfp_s1;noniid_a0p7_cifar100_ehsfp_s2;noniid_a0p7_cifar100_ehsfp_s3;noniid_a0p7_cifar100_ehsfp_s4,0,5,missing,queued
VI,cifar100 | Non-IID severe | H-SFP,cifar100,noniid_a0p3_cifar100_hsfp_s0;noniid_a0p3_cifar100_hsfp_s1;noniid_a0p3_cifar100_hsfp_s2;noniid_a0p3_cifar100_hsfp_s3;noniid_a0p3_cifar100_hsfp_s4,0,5,missing,queued
VI,cifar100 | Non-IID severe | E-HSFP,cifar100,noniid_a0p3_cifar100_ehsfp_s0;noniid_a0p3_cifar100_ehsfp_s1;noniid_a0p3_cifar100_ehsfp_s2;noniid_a0p3_cifar100_ehsfp_s3;noniid_a0p3_cifar100_ehsfp_s4,0,5,missing,queued
VI,ham10000 | IID | H-SFP,ham10000,main_ham10000_hsfp_s0;main_ham10000_hsfp_s1;main_ham10000_hsfp_s2;main_ham10000_hsfp_s3;main_ham10000_hsfp_s4,5,5,complete (suspect seeds: 1),"completed-suspect,completed-valid"
VI,ham10000 | IID | E-HSFP,ham10000,main_ham10000_ehsfp_s0;main_ham10000_ehsfp_s1;main_ham10000_ehsfp_s2;main_ham10000_ehsfp_s3;main_ham10000_ehsfp_s4,5,5,complete,completed-valid
VI,ham10000 | Non-IID mild | H-SFP,ham10000,noniid_a0p7_ham10000_hsfp_s0;noniid_a0p7_ham10000_hsfp_s1;noniid_a0p7_ham10000_hsfp_s2;noniid_a0p7_ham10000_hsfp_s3;noniid_a0p7_ham10000_hsfp_s4,0,5,missing,queued
VI,ham10000 | Non-IID mild | E-HSFP,ham10000,noniid_a0p7_ham10000_ehsfp_s0;noniid_a0p7_ham10000_ehsfp_s1;noniid_a0p7_ham10000_ehsfp_s2;noniid_a0p7_ham10000_ehsfp_s3;noniid_a0p7_ham10000_ehsfp_s4,0,5,missing,queued
VI,ham10000 | Non-IID severe | H-SFP,ham10000,noniid_a0p3_ham10000_hsfp_s0;noniid_a0p3_ham10000_hsfp_s1;noniid_a0p3_ham10000_hsfp_s2;noniid_a0p3_ham10000_hsfp_s3;noniid_a0p3_ham10000_hsfp_s4,0,5,missing,queued
VI,ham10000 | Non-IID severe | E-HSFP,ham10000,noniid_a0p3_ham10000_ehsfp_s0;noniid_a0p3_ham10000_ehsfp_s1;noniid_a0p3_ham10000_ehsfp_s2;noniid_a0p3_ham10000_ehsfp_s3;noniid_a0p3_ham10000_ehsfp_s4,0,5,missing,queued
VIII,H-SFP baseline,cifar100,main_cifar100_hsfp_s0;main_cifar100_hsfp_s1;main_cifar100_hsfp_s2;main_cifar100_hsfp_s3;main_cifar100_hsfp_s4,5,5,complete,completed-valid
VIII,+ Episodic memory,cifar100,abl_cifar100_hsfp_memory_s0;abl_cifar100_hsfp_memory_s1;abl_cifar100_hsfp_memory_s2;abl_cifar100_hsfp_memory_s3;abl_cifar100_hsfp_memory_s4,0,5,missing,"queued,running-healthy"
VIII,+ Prototype dropout,cifar100,abl_cifar100_hsfp_memory_dropout_s0;abl_cifar100_hsfp_memory_dropout_s1;abl_cifar100_hsfp_memory_dropout_s2;abl_cifar100_hsfp_memory_dropout_s3;abl_cifar100_hsfp_memory_dropout_s4,0,5,missing,"queued,running-healthy"
VIII,+ Reliability-aware aggregation,cifar100,abl_cifar100_hsfp_memory_reliability_s0;abl_cifar100_hsfp_memory_reliability_s1;abl_cifar100_hsfp_memory_reliability_s2;abl_cifar100_hsfp_memory_reliability_s3;abl_cifar100_hsfp_memory_reliability_s4,0,5,missing,queued
VIII,+ Replay consistency,cifar100,abl_cifar100_hsfp_memory_reliability_prc_s0;abl_cifar100_hsfp_memory_reliability_prc_s1;abl_cifar100_hsfp_memory_reliability_prc_s2;abl_cifar100_hsfp_memory_reliability_prc_s3;abl_cifar100_hsfp_memory_reliability_prc_s4,0,5,missing,queued
VIII,+ Residual prototype generator,cifar100,,0,5,blocked-implementation,blocked-implementation: residual generator hard-coded to None in hierarchy.py; training objective for G unspecified
VIII,Full E-HSFP,cifar100,main_cifar100_ehsfp_s0;main_cifar100_ehsfp_s1;main_cifar100_ehsfp_s2;main_cifar100_ehsfp_s3;main_cifar100_ehsfp_s4,5,5,complete,completed-valid
IX,M=0,cifar100,memM_cifar100_M0_s0;memM_cifar100_M0_s1;memM_cifar100_M0_s2;memM_cifar100_M0_s3;memM_cifar100_M0_s4,0,5,missing,queued
IX,M=1,cifar100,memM_cifar100_M1_s0;memM_cifar100_M1_s1;memM_cifar100_M1_s2;memM_cifar100_M1_s3;memM_cifar100_M1_s4,0,5,missing,queued
IX,M=5,cifar100,memM_cifar100_M5_s0;memM_cifar100_M5_s1;memM_cifar100_M5_s2;memM_cifar100_M5_s3;memM_cifar100_M5_s4,0,5,missing,queued
IX,M=10,cifar100,memM_cifar100_M10_s0;memM_cifar100_M10_s1;memM_cifar100_M10_s2;memM_cifar100_M10_s3;memM_cifar100_M10_s4,0,5,missing,queued
IX,M=20,cifar100,memM_cifar100_M20_s0;memM_cifar100_M20_s1;memM_cifar100_M20_s2;memM_cifar100_M20_s3;memM_cifar100_M20_s4,0,5,missing,queued
X,Average | clean,cifar100,aggr_cifar100_average_clean_s0;aggr_cifar100_average_clean_s1;aggr_cifar100_average_clean_s2;aggr_cifar100_average_clean_s3;aggr_cifar100_average_clean_s4,0,5,missing,queued
X,Average | drop,cifar100,aggr_cifar100_average_drop_s0;aggr_cifar100_average_drop_s1;aggr_cifar100_average_drop_s2;aggr_cifar100_average_drop_s3;aggr_cifar100_average_drop_s4,0,5,missing,queued
X,Average | stale,cifar100,aggr_cifar100_average_stale_s0;aggr_cifar100_average_stale_s1;aggr_cifar100_average_stale_s2;aggr_cifar100_average_stale_s3;aggr_cifar100_average_stale_s4,0,5,missing,queued
X,Sample-count weighted | clean,cifar100,aggr_cifar100_sample_count_weighted_clean_s0;aggr_cifar100_sample_count_weighted_clean_s1;aggr_cifar100_sample_count_weighted_clean_s2;aggr_cifar100_sample_count_weighted_clean_s3;aggr_cifar100_sample_count_weighted_clean_s4,0,5,missing,queued
X,Sample-count weighted | drop,cifar100,aggr_cifar100_sample_count_weighted_drop_s0;aggr_cifar100_sample_count_weighted_drop_s1;aggr_cifar100_sample_count_weighted_drop_s2;aggr_cifar100_sample_count_weighted_drop_s3;aggr_cifar100_sample_count_weighted_drop_s4,0,5,missing,queued
X,Sample-count weighted | stale,cifar100,aggr_cifar100_sample_count_weighted_stale_s0;aggr_cifar100_sample_count_weighted_stale_s1;aggr_cifar100_sample_count_weighted_stale_s2;aggr_cifar100_sample_count_weighted_stale_s3;aggr_cifar100_sample_count_weighted_stale_s4,0,5,missing,queued
X,Reliability-aware | clean,cifar100,aggr_cifar100_learnable_reliability_clean_s0;aggr_cifar100_learnable_reliability_clean_s1;aggr_cifar100_learnable_reliability_clean_s2;aggr_cifar100_learnable_reliability_clean_s3;aggr_cifar100_learnable_reliability_clean_s4,0,5,missing,queued
X,Reliability-aware | drop,cifar100,aggr_cifar100_learnable_reliability_drop_s0;aggr_cifar100_learnable_reliability_drop_s1;aggr_cifar100_learnable_reliability_drop_s2;aggr_cifar100_learnable_reliability_drop_s3;aggr_cifar100_learnable_reliability_drop_s4,0,5,missing,queued
X,Reliability-aware | stale,cifar100,aggr_cifar100_learnable_reliability_stale_s0;aggr_cifar100_learnable_reliability_stale_s1;aggr_cifar100_learnable_reliability_stale_s2;aggr_cifar100_learnable_reliability_stale_s3;aggr_cifar100_learnable_reliability_stale_s4,0,5,missing,queued
X,Reliability-aware + memory | clean,cifar100,aggr_cifar100_learnable_reliability_memory_clean_s0;aggr_cifar100_learnable_reliability_memory_clean_s1;aggr_cifar100_learnable_reliability_memory_clean_s2;aggr_cifar100_learnable_reliability_memory_clean_s3;aggr_cifar100_learnable_reliability_memory_clean_s4,0,5,missing,queued
X,Reliability-aware + memory | drop,cifar100,aggr_cifar100_learnable_reliability_memory_drop_s0;aggr_cifar100_learnable_reliability_memory_drop_s1;aggr_cifar100_learnable_reliability_memory_drop_s2;aggr_cifar100_learnable_reliability_memory_drop_s3;aggr_cifar100_learnable_reliability_memory_drop_s4,0,5,missing,queued
X,Reliability-aware + memory | stale,cifar100,aggr_cifar100_learnable_reliability_memory_stale_s0;aggr_cifar100_learnable_reliability_memory_stale_s1;aggr_cifar100_learnable_reliability_memory_stale_s2;aggr_cifar100_learnable_reliability_memory_stale_s3;aggr_cifar100_learnable_reliability_memory_stale_s4,0,5,missing,queued
XI,Diagonal Gaussian,cifar100,main_cifar100_ehsfp_s0;main_cifar100_ehsfp_s1;main_cifar100_ehsfp_s2;main_cifar100_ehsfp_s3;main_cifar100_ehsfp_s4,5,5,complete,completed-valid
XI,Low-rank covariance,cifar100,,0,5,blocked-implementation/protocol,blocked-implementation/protocol: not in the training pipeline (low-rank packet rank r and generator objective unspecified; dropout_consistency_loss never invoked)
XI,Residual generator,cifar100,,0,5,blocked-implementation/protocol,blocked-implementation/protocol: not in the training pipeline (low-rank packet rank r and generator objective unspecified; dropout_consistency_loss never invoked)
XI,Residual generator + consistency loss,cifar100,,0,5,blocked-implementation/protocol,blocked-implementation/protocol: not in the training pipeline (low-rank packet rank r and generator objective unspecified; dropout_consistency_loss never invoked)
XII,K=20,cifar100,scale_cifar100_K20_hsfp_s0;scale_cifar100_K20_hsfp_s1;scale_cifar100_K20_hsfp_s2;scale_cifar100_K20_hsfp_s3;scale_cifar100_K20_hsfp_s4,0,5,missing,queued
XII,K=50,cifar100,scale_cifar100_K50_hsfp_s0;scale_cifar100_K50_hsfp_s1;scale_cifar100_K50_hsfp_s2;scale_cifar100_K50_hsfp_s3;scale_cifar100_K50_hsfp_s4,0,5,missing,queued
XII,K=100,cifar100,scale_cifar100_K100_hsfp_s0;scale_cifar100_K100_hsfp_s1;scale_cifar100_K100_hsfp_s2;scale_cifar100_K100_hsfp_s3;scale_cifar100_K100_hsfp_s4,0,5,missing,queued
XII,K=200,cifar100,main_cifar100_hsfp_s0;main_cifar100_hsfp_s1;main_cifar100_hsfp_s2;main_cifar100_hsfp_s3;main_cifar100_hsfp_s4,5,5,complete,completed-valid
XII,K=500,cifar100,scale_cifar100_K500_hsfp_s0;scale_cifar100_K500_hsfp_s1;scale_cifar100_K500_hsfp_s2;scale_cifar100_K500_hsfp_s3;scale_cifar100_K500_hsfp_s4,0,5,missing,queued
XIII,E-HSFP (200 rounds),cifar100,comm200_cifar100_ehsfp_s0,0,1,missing,queued
