experiment_id,status,dataset,method,variant,partition,seed,final_acc,final_f1,best_acc_testselected,test_iou,test_dice,final_iou,final_dice,selection_rule,comm_MB,runtime_s,rounds_done,conv_rounds,stability_final,drift_mean,mean_packet_age,client_gpu_peak_MB,edge_gpu_peak_MB,cloud_gpu_peak_MB,client_mem_records,edge_mem_records,peak_vram_MB,notes,run_dir
fed_cifar10_fedprox_s0,completed-valid,cifar10,federated,none,IID,0,0.6202,,0.6202,,,,,,63874.896240234375,1481.6580233573914,60,45,4.494400000000051e-06,,,,,,,,228.83271484375,,/media/jackson/Data/ehsfp_campaign/outputs_journal_v1/fed_cifar10_fedprox_s0
main_cifar100_ehsfp_s0,completed-valid,cifar100,h-sfp,full_e_hsfp,IID,0,0.1073,0.0913518543945541,0.1102,,,,,,1442.346435546875,25584.7581,60,52,2.5304000000000046e-06,,,,,,500.0,500.0,,,/home/jackson/Desktop/Split-Federated-Merging-Learning/outputs/journal_v1/main_cifar100_ehsfp_s0/2ddc3d9efc2c/31b9943e995da7d22a185728149604478c777c2219a0f8d55318db66116faf23
main_cifar100_ehsfp_s1,completed-valid,cifar100,h-sfp,full_e_hsfp,IID,1,0.1089,0.09156517171463906,0.1103,,,,,,1443.103271484375,25603.8157,60,55,1.268000000000002e-06,,,,,,500.0,500.0,,,/home/jackson/Desktop/Split-Federated-Merging-Learning/outputs/journal_v1/main_cifar100_ehsfp_s1/2ddc3d9efc2c/333c08d14eddd3e26ee645c76ebbb3998adcd8aaeadf5a6d45845dfe72dcc92d
main_cifar100_ehsfp_s2,completed-valid,cifar100,h-sfp,full_e_hsfp,IID,2,0.1026,0.08480898980604254,0.1028,,,,,,1442.341552734375,25659.0119,60,53,1.0783999999999976e-06,,,,,,500.0,500.0,,,/home/jackson/Desktop/Split-Federated-Merging-Learning/outputs/journal_v1/main_cifar100_ehsfp_s2/2ddc3d9efc2c/2718070cfcf6f97361a257ab6c140ff2bebdfbdabea891906c8b584401b6cc6c
main_cifar100_ehsfp_s3,completed-valid,cifar100,h-sfp,full_e_hsfp,IID,3,0.1068,0.08785500566012677,0.1102,,,,,,1442.265380859375,25507.1025,60,52,3.866399999999997e-06,,,,,,500.0,500.0,,,/home/jackson/Desktop/Split-Federated-Merging-Learning/outputs/journal_v1/main_cifar100_ehsfp_s3/2ddc3d9efc2c/38e7d9292a2929d6d61d8096cb0ee1bc2f19acd96562c722f877fbe1c82b67ce
main_cifar100_ehsfp_s4,completed-valid,cifar100,h-sfp,full_e_hsfp,IID,4,0.1091,0.08937932162326741,0.1106,,,,,,1442.330810546875,25704.9074,60,54,3.064000000000009e-07,,,,,,500.0,500.0,,,/home/jackson/Desktop/Split-Federated-Merging-Learning/outputs/journal_v1/main_cifar100_ehsfp_s4/2ddc3d9efc2c/9a8b2822fbbeaea00e2f4364001b7aedaf92aaabfeb5152c048913bd22c622f0
main_cifar100_federated_s0,completed-valid,cifar100,federated,none,IID,0,0.5436,,0.5436,,,,,,102811.63330078125,4020.271959543228,60,42,3.933600000000038e-06,,,,,,,,303.88837890625,,/media/jackson/Data/ehsfp_campaign/outputs_journal_v1/main_cifar100_federated_s0
main_cifar100_federated_s1,completed-valid,cifar100,federated,none,IID,1,0.5548,,0.5551,,,,,,102811.63330078125,4003.9944801330566,60,44,4.686399999999948e-06,,,,,,,,303.88837890625,,/media/jackson/Data/ehsfp_campaign/outputs_journal_v1/main_cifar100_federated_s1
main_cifar100_federated_s2,completed-valid,cifar100,federated,none,IID,2,0.5473,,0.5473,,,,,,102811.63330078125,4098.938593149185,60,42,2.7575999999999404e-06,,,,,,,,303.88837890625,,/media/jackson/Data/ehsfp_campaign/outputs_journal_v1/main_cifar100_federated_s2
main_cifar100_federated_s3,completed-valid,cifar100,federated,none,IID,3,0.5603,,0.5603,,,,,,102811.63330078125,3826.748345851898,60,43,3.45760000000006e-06,,,,,,,,303.88837890625,,/media/jackson/Data/ehsfp_campaign/outputs_journal_v1/main_cifar100_federated_s3
main_cifar100_federated_s4,completed-valid,cifar100,federated,none,IID,4,0.5224,,0.5224,,,,,,102811.63330078125,3965.0660393238068,60,45,6.090400000000056e-06,,,,,,,,303.88837890625,,/media/jackson/Data/ehsfp_campaign/outputs_journal_v1/main_cifar100_federated_s4
main_cifar100_hetero-sfl_s0,completed-valid,cifar100,hetero-sfl,none,IID,0,0.3822,0.3739028250597731,0.4034,,,,,,83423.3988647461,1137.0662438869476,,,,,,,,,,,320.525390625,,/media/jackson/Data/ehsfp_campaign/outputs_journal_v1/main_cifar100_hetero-sfl_s0
main_cifar100_hetero-sfl_s1,completed-valid,cifar100,hetero-sfl,none,IID,1,0.3895,0.38509481498514314,0.4191,,,,,,84481.88653564453,1137.6487872600555,,,,,,,,,,,319.15087890625,,/media/jackson/Data/ehsfp_campaign/outputs_journal_v1/main_cifar100_hetero-sfl_s1
main_cifar100_hetero-sfl_s2,completed-valid,cifar100,hetero-sfl,none,IID,2,0.3902,0.3823232690987882,0.4084,,,,,,85716.78881835938,1151.0555021762848,,,,,,,,,,,320.525390625,,/media/jackson/Data/ehsfp_campaign/outputs_journal_v1/main_cifar100_hetero-sfl_s2
main_cifar100_hetero-sfl_s3,completed-valid,cifar100,hetero-sfl,none,IID,3,0.4056,0.40168176235794734,0.4117,,,,,,86422.447265625,1151.2189724445343,,,,,,,,,,,319.15087890625,,/media/jackson/Data/ehsfp_campaign/outputs_journal_v1/main_cifar100_hetero-sfl_s3
main_cifar100_hetero-sfl_s4,completed-valid,cifar100,hetero-sfl,none,IID,4,0.3719,0.36363724964401867,0.4045,,,,,,78660.20434570312,1132.1216614246368,,,,,,,,,,,319.15087890625,,/media/jackson/Data/ehsfp_campaign/outputs_journal_v1/main_cifar100_hetero-sfl_s4
main_cifar100_hierfl_s0,completed-valid,cifar100,hierfl,none,IID,0,0.4803,,0.5405,,,,,,128257.51254272461,2341.9090456962585,60,51,0.0004568095999999998,,,,,,,,306.4951171875,,/media/jackson/Data/ehsfp_campaign/outputs_journal_v1/main_cifar100_hierfl_s0
main_cifar100_hierfl_s1,completed-valid,cifar100,hierfl,none,IID,1,0.5456,,0.5456,,,,,,128214.67436218262,2356.505671262741,60,53,0.0004826855999999994,,,,,,,,306.8076171875,,/media/jackson/Data/ehsfp_campaign/outputs_journal_v1/main_cifar100_hierfl_s1
main_cifar100_hierfl_s2,completed-valid,cifar100,hierfl,none,IID,2,0.5287,,0.5369,,,,,,128214.67436218262,2368.0198681354523,60,52,2.6074400000000026e-05,,,,,,,,306.4951171875,,/media/jackson/Data/ehsfp_campaign/outputs_journal_v1/main_cifar100_hierfl_s2
main_cifar100_hierfl_s3,completed-valid,cifar100,hierfl,none,IID,3,0.5528,,0.5528,,,,,,128257.51254272461,2362.7989575862885,60,50,0.0005624399999999997,,,,,,,,306.4951171875,,/media/jackson/Data/ehsfp_campaign/outputs_journal_v1/main_cifar100_hierfl_s3
main_cifar100_hierfl_s4,completed-valid,cifar100,hierfl,none,IID,4,0.5056,,0.5115,,,,,,128214.67436218262,2013.6047434806824,60,44,0.00038364559999999945,,,,,,,,306.8076171875,,/media/jackson/Data/ehsfp_campaign/outputs_journal_v1/main_cifar100_hierfl_s4
main_cifar100_hsfl_s0,completed-valid,cifar100,hsfl,none,IID,0,0.5866,0.5812338951985481,0.5866,,,,,,758772.0609283447,941.7241098880768,,,,,,,,,,,972.802734375,,/media/jackson/Data/ehsfp_campaign/outputs_journal_v1/main_cifar100_hsfl_s0
main_cifar100_hsfl_s1,completed-valid,cifar100,hsfl,none,IID,1,0.59,0.5854586703709713,0.59,,,,,,758772.0609283447,942.8180603981018,,,,,,,,,,,968.802734375,,/media/jackson/Data/ehsfp_campaign/outputs_journal_v1/main_cifar100_hsfl_s1
main_cifar100_hsfl_s2,completed-valid,cifar100,hsfl,none,IID,2,0.5793,0.5743016688488652,0.5793,,,,,,758772.0609283447,940.1662292480469,,,,,,,,,,,970.552734375,,/media/jackson/Data/ehsfp_campaign/outputs_journal_v1/main_cifar100_hsfl_s2
main_cifar100_hsfl_s3,completed-valid,cifar100,hsfl,none,IID,3,0.5839,0.5808071613130878,0.5839,,,,,,758772.0609283447,942.569043636322,,,,,,,,,,,971.92724609375,,/media/jackson/Data/ehsfp_campaign/outputs_journal_v1/main_cifar100_hsfl_s3
main_cifar100_hsfl_s4,completed-valid,cifar100,hsfl,none,IID,4,0.5723,0.5663868777089774,0.5723,,,,,,758772.0609283447,944.0900282859802,,,,,,,,,,,972.27197265625,,/media/jackson/Data/ehsfp_campaign/outputs_journal_v1/main_cifar100_hsfl_s4
main_cifar100_hsfp_s0,completed-valid,cifar100,h-sfp,baseline_hsfp,IID,0,0.1087,0.0952976025796669,0.1118,,,,,,1450.131591796875,6486.9931,60,48,2.707999999999994e-06,,,,,,0.0,0.0,,,/home/jackson/Desktop/Split-Federated-Merging-Learning/outputs/journal_v1/main_cifar100_hsfp_s0/2ddc3d9efc2c/cdb855d7699ced7e3eaeb83926185f84aee52eeac9fbe2485b7a9dcde55c521b
main_cifar100_hsfp_s1,completed-valid,cifar100,h-sfp,baseline_hsfp,IID,1,0.1095,0.09304709474750794,0.1112,,,,,,1450.576904296875,6503.4927,60,53,7.520000000000031e-07,,,,,,0.0,0.0,,,/home/jackson/Desktop/Split-Federated-Merging-Learning/outputs/journal_v1/main_cifar100_hsfp_s1/2ddc3d9efc2c/3a8421d6fc171e663435d547180ef4c9d70a3332d782f790e681cf7461e097dd
main_cifar100_hsfp_s2,completed-valid,cifar100,h-sfp,baseline_hsfp,IID,2,0.1059,0.08919456325012051,0.1059,,,,,,1450.393310546875,6490.2106,60,48,1.7855999999999942e-06,,,,,,0.0,0.0,,,/home/jackson/Desktop/Split-Federated-Merging-Learning/outputs/journal_v1/main_cifar100_hsfp_s2/2ddc3d9efc2c/fc536c0645c47997d6023b6a22a0fb33b35d5ceca595dc012905651f2950e1dd
main_cifar100_hsfp_s3,completed-valid,cifar100,h-sfp,baseline_hsfp,IID,3,0.1083,0.09069554493496458,0.1121,,,,,,1450.313232421875,6489.3437,60,52,4.981600000000002e-06,,,,,,0.0,0.0,,,/home/jackson/Desktop/Split-Federated-Merging-Learning/outputs/journal_v1/main_cifar100_hsfp_s3/2ddc3d9efc2c/f695238bda4b18e4c91ac801b7139ada18ceed2316032886c4c715fc85e3009e
main_cifar100_hsfp_s4,completed-valid,cifar100,h-sfp,baseline_hsfp,IID,4,0.1077,0.09013817577141521,0.1108,,,,,,1450.197998046875,6519.3982,60,52,4.162399999999998e-06,,,,,,0.0,0.0,,,/home/jackson/Desktop/Split-Federated-Merging-Learning/outputs/journal_v1/main_cifar100_hsfp_s4/2ddc3d9efc2c/8a4a24e25d0bd32412fa0f5b6e57cfb1ff804735808585a59d7285d2127af2dd
main_cifar100_splitfl_s0,completed-valid,cifar100,splitfl,none,IID,0,0.569,0.5674005792865215,0.5695,,,,,,381212.6037597656,1061.422913312912,60,28,6.427999999999926e-06,,,,,,,,268.9751513671875,,/media/jackson/Data/ehsfp_campaign/outputs_journal_v1/main_cifar100_splitfl_s0
main_cifar100_splitfl_s1,completed-valid,cifar100,splitfl,none,IID,1,0.5871,0.5842099663227125,0.5872,,,,,,381212.6037597656,1063.1333231925964,60,32,1.038000000000011e-05,,,,,,,,269.9676513671875,,/media/jackson/Data/ehsfp_campaign/outputs_journal_v1/main_cifar100_splitfl_s1
main_cifar100_splitfl_s2,completed-valid,cifar100,splitfl,none,IID,2,0.5758,0.5757155955940494,0.584,,,,,,381212.6037597656,1066.2761809825897,60,30,7.095999999999942e-06,,,,,,,,269.2376513671875,,/media/jackson/Data/ehsfp_campaign/outputs_journal_v1/main_cifar100_splitfl_s2
main_cifar100_splitfl_s3,completed-valid,cifar100,splitfl,none,IID,3,0.5713,0.5685117686406054,0.5765,,,,,,381212.6037597656,1063.9452238082886,60,29,6.759999999999754e-07,,,,,,,,269.0814013671875,,/media/jackson/Data/ehsfp_campaign/outputs_journal_v1/main_cifar100_splitfl_s3
main_cifar100_splitfl_s4,completed-valid,cifar100,splitfl,none,IID,4,0.5492,0.5467044158254535,0.5533,,,,,,381212.6037597656,1061.1574413776398,60,28,2.6775999999999936e-06,,,,,,,,270.3314013671875,,/media/jackson/Data/ehsfp_campaign/outputs_journal_v1/main_cifar100_splitfl_s4
main_cifar10_ehsfp_s0,completed-valid,cifar10,h-sfp,full_e_hsfp,IID,0,0.2622,0.22858833687529817,0.2713,,,,,,5607.6849365234375,5766.4062,60,31,1.4056000000000124e-06,,,,,,500.0,500.0,,,/home/jackson/Desktop/Split-Federated-Merging-Learning/outputs/journal_v1/main_cifar10_ehsfp_s0/e7518bc2282a/9ee0b4bfcca86794df72db9d52e5ef8e6670d45bda4134acacea64492822f079
main_cifar10_ehsfp_s1,completed-valid,cifar10,h-sfp,full_e_hsfp,IID,1,0.2814,0.2576022292476174,0.2814,,,,,,5607.7239990234375,5822.3349,60,40,2.4415999999999793e-06,,,,,,500.0,500.0,,,/home/jackson/Desktop/Split-Federated-Merging-Learning/outputs/journal_v1/main_cifar10_ehsfp_s1/e7518bc2282a/3e689ffa0790a9494b2895188e2da1b1237ada18b2e7df607c7f162dbc7bd875
main_cifar10_ehsfp_s2,completed-valid,cifar10,h-sfp,full_e_hsfp,IID,2,0.2762,0.24466284976487002,0.2847,,,,,,5608.9349365234375,5732.2725,60,41,1.1450400000000035e-05,,,,,,500.0,500.0,,,/home/jackson/Desktop/Split-Federated-Merging-Learning/outputs/journal_v1/main_cifar10_ehsfp_s2/e7518bc2282a/c419153145de4e56a9d3de324f652a710b496c6ab544ffbe46eb94be1828fd42
main_cifar10_ehsfp_s3,completed-valid,cifar10,h-sfp,full_e_hsfp,IID,3,0.2743,0.24606414761957832,0.2814,,,,,,5608.9154052734375,5814.3556,60,32,4.93600000000005e-07,,,,,,500.0,500.0,,,/home/jackson/Desktop/Split-Federated-Merging-Learning/outputs/journal_v1/main_cifar10_ehsfp_s3/e7518bc2282a/0cad5d8e3cdbefc8e96e7cbc787995c64ee4fbe9566d7a7102c02605c12bdd22
main_cifar10_ehsfp_s4,completed-valid,cifar10,h-sfp,full_e_hsfp,IID,4,0.2768,0.25911402294524694,0.2789,,,,,,5608.9349365234375,5776.3806,60,32,6.107999999999971e-06,,,,,,500.0,500.0,,,/home/jackson/Desktop/Split-Federated-Merging-Learning/outputs/journal_v1/main_cifar10_ehsfp_s4/e7518bc2282a/e0932ad9104382013e376d7f4d2678847eabf141d3e1d53eb77f6259b38d8dea
main_cifar10_federated_s0,completed-valid,cifar10,federated,none,IID,0,0.6156,,0.6156,,,,,,63874.896240234375,1385.6498305797577,60,46,1.0606400000000006e-05,,,,,,,,177.5087890625,,/media/jackson/Data/ehsfp_campaign/outputs_journal_v1/main_cifar10_federated_s0
main_cifar10_federated_s1,completed-valid,cifar10,federated,none,IID,1,0.6008,,0.6008,,,,,,63874.896240234375,1256.2899639606476,60,48,9.918400000000044e-06,,,,,,,,177.5087890625,,/media/jackson/Data/ehsfp_campaign/outputs_journal_v1/main_cifar10_federated_s1
main_cifar10_federated_s2,completed-valid,cifar10,federated,none,IID,2,0.6163,,0.6163,,,,,,63874.896240234375,1420.9568936824799,60,49,1.433360000000005e-05,,,,,,,,177.5087890625,,/media/jackson/Data/ehsfp_campaign/outputs_journal_v1/main_cifar10_federated_s2
main_cifar10_federated_s3,completed-valid,cifar10,federated,none,IID,3,0.6132,,0.6132,,,,,,63874.896240234375,1298.9120304584503,60,49,1.4225599999999829e-05,,,,,,,,177.5087890625,,/media/jackson/Data/ehsfp_campaign/outputs_journal_v1/main_cifar10_federated_s3
main_cifar10_federated_s4,completed-valid,cifar10,federated,none,IID,4,0.6005,,0.6005,,,,,,63874.896240234375,1356.858567237854,60,47,7.604000000000049e-06,,,,,,,,177.5087890625,,/media/jackson/Data/ehsfp_campaign/outputs_journal_v1/main_cifar10_federated_s4
main_cifar10_hetero-sfl_s0,completed-suspect,cifar10,hetero-sfl,none,IID,0,0.1,0.01818181818181818,0.1505,,,,,,77100.16497802734,855.3246393203735,,,,,,,,,,,164.888671875,near_chance_accuracy,/media/jackson/Data/ehsfp_campaign/outputs_journal_v1/main_cifar10_hetero-sfl_s0
main_cifar10_hetero-sfl_s1,completed-valid,cifar10,hetero-sfl,none,IID,1,0.2058,0.13703959841698005,0.2058,,,,,,78156.75421142578,758.8398237228394,,,,,,,,,,,165.61865234375,,/media/jackson/Data/ehsfp_campaign/outputs_journal_v1/main_cifar10_hetero-sfl_s1
main_cifar10_hetero-sfl_s2,completed-suspect,cifar10,hetero-sfl,none,IID,2,0.1473,0.05696596056241615,0.1473,,,,,,79389.44165039062,815.9322688579559,,,,,,,,,,,164.701171875,near_chance_accuracy,/media/jackson/Data/ehsfp_campaign/outputs_journal_v1/main_cifar10_hetero-sfl_s2
main_cifar10_hetero-sfl_s3,completed-suspect,cifar10,hetero-sfl,none,IID,3,0.1,0.01818181818181818,0.1517,,,,,,80093.83447265625,849.3330128192902,,,,,,,,,,,164.888671875,near_chance_accuracy,/media/jackson/Data/ehsfp_campaign/outputs_journal_v1/main_cifar10_hetero-sfl_s3
main_cifar10_hetero-sfl_s4,completed-valid,cifar10,hetero-sfl,none,IID,4,0.2463,0.17966287858844904,0.2479,,,,,,72345.51342773438,734.0768401622772,,,,,,,,,,,165.09423828125,,/media/jackson/Data/ehsfp_campaign/outputs_journal_v1/main_cifar10_hetero-sfl_s4
main_cifar10_hierfl_s0,completed-valid,cifar10,hierfl,none,IID,0,0.5357,,0.6044,,,,,,79018.56955718994,1457.896246433258,60,51,0.0006719216000000011,,,,,,,,179.0259033203125,,/media/jackson/Data/ehsfp_campaign/outputs_journal_v1/main_cifar10_hierfl_s0
main_cifar10_hierfl_s1,completed-valid,cifar10,hierfl,none,IID,1,0.5897,,0.5954,,,,,,79311.32949829102,1460.2226395606995,60,,0.0006686759999999996,,,,,,,,179.0259033203125,not_converged,/media/jackson/Data/ehsfp_campaign/outputs_journal_v1/main_cifar10_hierfl_s1
main_cifar10_hierfl_s2,completed-valid,cifar10,hierfl,none,IID,2,0.593,,0.6016,,,,,,79444.4021987915,1507.9459428787231,60,53,5.868559999999973e-05,,,,,,,,179.0259033203125,,/media/jackson/Data/ehsfp_campaign/outputs_journal_v1/main_cifar10_hierfl_s2
main_cifar10_hierfl_s3,completed-valid,cifar10,hierfl,none,IID,3,0.607,,0.607,,,,,,79524.2458190918,1458.355432510376,60,50,0.0005316639999999997,,,,,,,,179.0259033203125,,/media/jackson/Data/ehsfp_campaign/outputs_journal_v1/main_cifar10_hierfl_s3
main_cifar10_hierfl_s4,completed-valid,cifar10,hierfl,none,IID,4,0.5701,,0.5912,,,,,,79311.32949829102,1509.9108493328094,60,50,0.00033427199999999907,,,,,,,,179.0259033203125,,/media/jackson/Data/ehsfp_campaign/outputs_journal_v1/main_cifar10_hierfl_s4
main_cifar10_hsfl_s0,completed-valid,cifar10,hsfl,none,IID,0,0.7394,0.7402358939513112,0.7394,,,,,,375406.04736328125,481.3961658477783,,,,,,,,,,,252.37353515625,,/media/jackson/Data/ehsfp_campaign/outputs_journal_v1/main_cifar10_hsfl_s0
main_cifar10_hsfl_s1,completed-valid,cifar10,hsfl,none,IID,1,0.7359,0.7350567375718937,0.7359,,,,,,375406.04736328125,504.7893786430359,,,,,,,,,,,253.07763671875,,/media/jackson/Data/ehsfp_campaign/outputs_journal_v1/main_cifar10_hsfl_s1
main_cifar10_hsfl_s2,completed-valid,cifar10,hsfl,none,IID,2,0.7347,0.7345657738874356,0.7357,,,,,,375406.04736328125,534.1518323421478,,,,,,,,,,,252.34228515625,,/media/jackson/Data/ehsfp_campaign/outputs_journal_v1/main_cifar10_hsfl_s2
main_cifar10_hsfl_s3,completed-valid,cifar10,hsfl,none,IID,3,0.7384,0.7385681117210231,0.7384,,,,,,375406.04736328125,526.4619553089142,,,,,,,,,,,251.96728515625,,/media/jackson/Data/ehsfp_campaign/outputs_journal_v1/main_cifar10_hsfl_s3
main_cifar10_hsfl_s4,completed-valid,cifar10,hsfl,none,IID,4,0.7393,0.7376017547699814,0.7393,,,,,,375406.04736328125,509.0014226436615,,,,,,,,,,,253.31103515625,,/media/jackson/Data/ehsfp_campaign/outputs_journal_v1/main_cifar10_hsfl_s4
main_cifar10_hsfp_s0,completed-valid,cifar10,h-sfp,baseline_hsfp,IID,0,0.2725,0.25371918169323276,0.2725,,,,,,5697.8607177734375,7964.2525,60,25,1.5456000000000056e-06,,,,,,0.0,0.0,,,/home/jackson/Desktop/Split-Federated-Merging-Learning/outputs/journal_v1/main_cifar10_hsfp_s0/e7518bc2282a/68fc1631200428a6dac502c27aa534e76e90cf8a74ed65aaeb06e890862c25b9
main_cifar10_hsfp_s1,completed-valid,cifar10,h-sfp,baseline_hsfp,IID,1,0.2861,0.2636228630554608,0.2877,,,,,,5697.8607177734375,8282.9862,60,41,7.300000000000084e-06,,,,,,0.0,0.0,,,/home/jackson/Desktop/Split-Federated-Merging-Learning/outputs/journal_v1/main_cifar10_hsfp_s1/e7518bc2282a/d6a46d620b9df326478598fe6021a677c2319879103d3b3ab1b3a97e8a8506ad
main_cifar10_hsfp_s2,completed-valid,cifar10,h-sfp,baseline_hsfp,IID,2,0.2796,0.24486881077439876,0.2808,,,,,,5697.8802490234375,6520.8782,60,42,5.210400000000002e-06,,,,,,0.0,0.0,,,/home/jackson/Desktop/Split-Federated-Merging-Learning/outputs/journal_v1/main_cifar10_hsfp_s2/e7518bc2282a/b8cc92055d1513c564608c4b23ddf0818b311c87fe2d0c8e863c9cf5a0be85c8
main_cifar10_hsfp_s3,completed-valid,cifar10,h-sfp,baseline_hsfp,IID,3,0.2843,0.2591855857163151,0.2892,,,,,,5697.8802490234375,5157.8688,60,42,2.920000000000045e-07,,,,,,0.0,0.0,,,/home/jackson/Desktop/Split-Federated-Merging-Learning/outputs/journal_v1/main_cifar10_hsfp_s3/e7518bc2282a/5d85e053ecdb086e78c44e6a7e894b02d112b8b216c82cea84a3fa2b2c94c6c9
main_cifar10_hsfp_s4,completed-valid,cifar10,h-sfp,baseline_hsfp,IID,4,0.2746,0.2514245014185823,0.2764,,,,,,5697.8802490234375,4150.9821,60,41,8.096000000000144e-07,,,,,,0.0,0.0,,,/home/jackson/Desktop/Split-Federated-Merging-Learning/outputs/journal_v1/main_cifar10_hsfp_s4/e7518bc2282a/5146ad1e72d65421d09303c602768b54e53b6b958d7ea8430cec0bf30a20e9c2
main_cifar10_splitfl_s0,completed-valid,cifar10,splitfl,none,IID,0,0.6011,0.5922064858898975,0.609,,,,,,187527.85034179688,692.0869877338409,60,51,7.687759999999977e-05,,,,,,,,151.84593261718751,,/media/jackson/Data/ehsfp_campaign/outputs_journal_v1/main_cifar10_splitfl_s0
main_cifar10_splitfl_s1,completed-valid,cifar10,splitfl,none,IID,1,0.6065,0.6023324534090233,0.6065,,,,,,187527.85034179688,700.8957715034485,60,49,1.9421600000000204e-05,,,,,,,,151.84562011718748,,/media/jackson/Data/ehsfp_campaign/outputs_journal_v1/main_cifar10_splitfl_s1
main_cifar10_splitfl_s2,completed-valid,cifar10,splitfl,none,IID,2,0.6139,0.6135304107449795,0.6141,,,,,,187527.85034179688,674.8507204055786,60,52,2.5705599999999878e-05,,,,,,,,151.84562011718748,,/media/jackson/Data/ehsfp_campaign/outputs_journal_v1/main_cifar10_splitfl_s2
main_cifar10_splitfl_s3,completed-valid,cifar10,splitfl,none,IID,3,0.6141,0.6078090179755213,0.6164,,,,,,187527.85034179688,645.4899532794952,60,53,0.00012382959999999974,,,,,,,,151.84562011718748,,/media/jackson/Data/ehsfp_campaign/outputs_journal_v1/main_cifar10_splitfl_s3
main_cifar10_splitfl_s4,completed-valid,cifar10,splitfl,none,IID,4,0.5881,0.5835663543961153,0.5974,,,,,,187527.85034179688,671.3233816623688,60,54,1.8533600000000164e-05,,,,,,,,151.84593261718751,,/media/jackson/Data/ehsfp_campaign/outputs_journal_v1/main_cifar10_splitfl_s4
main_ham10000_ehsfp_s0,completed-valid,ham10000,h-sfp,full_e_hsfp,IID,0,0.42286570144782826,0.24874486673251886,0.5012481278082875,,,,,,15193.412567138672,189947.3311,60,,0.0022455183924063983,,,,,,500.0,500.0,,not_converged,/home/jackson/Desktop/Split-Federated-Merging-Learning/outputs/journal_v1/main_ham10000_ehsfp_s0/ebb9daeaf490/cb592234bee6f7343cc0f5ed3e56a8a33cb51f6f665c42453030bc8b8975ae07
main_ham10000_ehsfp_s1,completed-valid,ham10000,h-sfp,full_e_hsfp,IID,1,0.33150274588117823,0.19747167615505098,0.5346979530703944,,,,,,15315.475067138672,189351.2711,60,,0.0005428302877685473,,,,,,500.0,500.0,,not_converged,/home/jackson/Desktop/Split-Federated-Merging-Learning/outputs/journal_v1/main_ham10000_ehsfp_s1/ebb9daeaf490/1c3bc5e456a97221e91ec59383f09fe781e8fc6a1fdb246f6bddecf1bc7d9fcf
main_ham10000_ehsfp_s2,completed-valid,ham10000,h-sfp,full_e_hsfp,IID,2,0.3325012481278083,0.1805107263199938,0.4962556165751373,,,,,,15179.303192138672,189649.804,60,,0.0024810911441125877,,,,,,500.0,500.0,,not_converged,/home/jackson/Desktop/Split-Federated-Merging-Learning/outputs/journal_v1/main_ham10000_ehsfp_s2/ebb9daeaf490/4e9b9d56599199a353e804de1d1ee9f92dd7eea6f035489b1e688cd336db43d0
main_ham10000_ehsfp_s3,completed-valid,ham10000,h-sfp,full_e_hsfp,IID,3,0.42636045931103345,0.27385719878371434,0.527708437343984,,,,,,14995.443817138672,187575.3824,60,,0.0013689301295186523,,,,,,500.0,500.0,,not_converged,/home/jackson/Desktop/Split-Federated-Merging-Learning/outputs/journal_v1/main_ham10000_ehsfp_s3/ebb9daeaf490/fe6a4697dd910235f334f4760f93f3865d2cf0af9d93fd33510a5e71e39ae37c
main_ham10000_ehsfp_s4,completed-valid,ham10000,h-sfp,full_e_hsfp,IID,4,0.2775836245631553,0.21551948697033232,0.46630054917623565,,,,,,15031.100067138672,190610.7465,60,,0.004662063320396341,,,,,,500.0,500.0,,not_converged,/home/jackson/Desktop/Split-Federated-Merging-Learning/outputs/journal_v1/main_ham10000_ehsfp_s4/ebb9daeaf490/d80d98210d61458a0593ce31efd3d3084892035d5a3a651d7b7f5a64bd75e491
main_ham10000_federated_s0,completed-valid,ham10000,federated,none,IID,0,0.7788317523714429,,0.7788317523714429,,,,,,215841.07360839844,6241.529098987579,60,19,4.446650044902778e-06,,,,,,,,565.86123046875,,/media/jackson/Data/ehsfp_campaign/outputs_journal_v1/main_ham10000_federated_s0
main_ham10000_federated_s1,completed-valid,ham10000,federated,none,IID,1,0.7668497254118821,,0.7748377433849226,,,,,,215841.07360839844,6931.032358884811,60,20,5.742758802385592e-06,,,,,,,,565.86123046875,,/media/jackson/Data/ehsfp_campaign/outputs_journal_v1/main_ham10000_federated_s1
main_ham10000_federated_s2,completed-valid,ham10000,federated,none,IID,2,0.7703444832750874,,0.7773339990014978,,,,,,215841.07360839844,5777.6915056705475,60,21,9.272162649685059e-06,,,,,,,,565.86123046875,,/media/jackson/Data/ehsfp_campaign/outputs_journal_v1/main_ham10000_federated_s2
main_ham10000_federated_s3,completed-valid,ham10000,federated,none,IID,3,0.7833250124812781,,0.7833250124812781,,,,,,215841.07360839844,4552.016177892685,60,19,1.4217316062850149e-05,,,,,,,,565.86123046875,,/media/jackson/Data/ehsfp_campaign/outputs_journal_v1/main_ham10000_federated_s3
main_ham10000_federated_s4,completed-valid,ham10000,federated,none,IID,4,0.7813280079880179,,0.7813280079880179,,,,,,215841.07360839844,5598.18625330925,60,19,4.087727619753597e-06,,,,,,,,565.86123046875,,/media/jackson/Data/ehsfp_campaign/outputs_journal_v1/main_ham10000_federated_s4
main_ham10000_hetero-sfl_s0,completed-valid,ham10000,hetero-sfl,none,IID,0,0.7343984023964054,0.4135548715381868,0.747378931602596,,,,,,23952.268981933594,2387.7997012138367,,,,,,,,,,,581.93408203125,,/media/jackson/Data/ehsfp_campaign/outputs_journal_v1/main_ham10000_hetero-sfl_s0
main_ham10000_hetero-sfl_s1,completed-valid,ham10000,hetero-sfl,none,IID,1,0.6944583125312032,0.3016994817405396,0.7533699450823764,,,,,,23302.513916015625,2381.329669713974,,,,,,,,,,,581.52783203125,,/media/jackson/Data/ehsfp_campaign/outputs_journal_v1/main_ham10000_hetero-sfl_s1
main_ham10000_hetero-sfl_s2,completed-valid,ham10000,hetero-sfl,none,IID,2,0.29006490264603096,0.10555943651737827,0.7563654518222666,,,,,,23543.163940429688,2380.161139726639,,,,,,,,,,,584.16064453125,,/media/jackson/Data/ehsfp_campaign/outputs_journal_v1/main_ham10000_hetero-sfl_s2
main_ham10000_hetero-sfl_s3,completed-valid,ham10000,hetero-sfl,none,IID,3,0.6759860209685472,0.19579937655630206,0.7338991512730904,,,,,,23807.878967285156,2401.4140255451202,,,,,,,,,,,584.34033203125,,/media/jackson/Data/ehsfp_campaign/outputs_journal_v1/main_ham10000_hetero-sfl_s3
main_ham10000_hetero-sfl_s4,completed-valid,ham10000,hetero-sfl,none,IID,4,0.4378432351472791,0.2551901596546986,0.7618572141787319,,,,,,23591.2939453125,2376.477912902832,,,,,,,,,,,582.40283203125,,/media/jackson/Data/ehsfp_campaign/outputs_journal_v1/main_ham10000_hetero-sfl_s4
main_ham10000_hierfl_s0,completed-valid,ham10000,hierfl,none,IID,0,0.7778332501248127,,0.7803295057413879,,,,,,263416.04358291626,7206.0410051345825,60,27,5.353926175140658e-05,,,,,,,,570.12216796875,,/media/jackson/Data/ehsfp_campaign/outputs_journal_v1/main_ham10000_hierfl_s0
main_ham10000_hierfl_s1,completed-valid,ham10000,hierfl,none,IID,1,0.7798302546180729,,0.7798302546180729,,,,,,262786.5071182251,8222.019785642624,60,20,3.804577706580399e-05,,,,,,,,569.48623046875,,/media/jackson/Data/ehsfp_campaign/outputs_journal_v1/main_ham10000_hierfl_s1
main_ham10000_hierfl_s2,completed-valid,ham10000,hierfl,none,IID,2,0.7768347478781827,,0.7798302546180729,,,,,,264045.5800476074,6903.650480031967,60,26,1.5314023473027998e-05,,,,,,,,569.48623046875,,/media/jackson/Data/ehsfp_campaign/outputs_journal_v1/main_ham10000_hierfl_s2
main_ham10000_hierfl_s3,completed-valid,ham10000,hierfl,none,IID,3,0.7708437343984024,,0.7798302546180729,,,,,,265304.65297698975,6839.068278551102,60,24,5.343956107775418e-06,,,,,,,,570.12216796875,,/media/jackson/Data/ehsfp_campaign/outputs_journal_v1/main_ham10000_hierfl_s3
main_ham10000_hierfl_s4,completed-valid,ham10000,hierfl,none,IID,4,0.7738392411382926,,0.7868197703444832,,,,,,264315.3813896179,6879.783359050751,60,30,1.844462462571773e-05,,,,,,,,569.48623046875,,/media/jackson/Data/ehsfp_campaign/outputs_journal_v1/main_ham10000_hierfl_s4
main_ham10000_hsfl_s0,completed-valid,ham10000,hsfl,none,IID,0,0.7678482276585122,0.600119983343193,0.7943085371942087,,,,,,461706.8536376953,1916.8768999576569,,,,,,,,,,,994.7900390625,,/media/jackson/Data/ehsfp_campaign/outputs_journal_v1/main_ham10000_hsfl_s0
main_ham10000_hsfl_s1,completed-valid,ham10000,hsfl,none,IID,1,0.7893160259610584,0.6358596379078106,0.7893160259610584,,,,,,461706.8536376953,1890.5951280593872,,,,,,,,,,,994.37890625,,/media/jackson/Data/ehsfp_campaign/outputs_journal_v1/main_ham10000_hsfl_s1
main_ham10000_hsfl_s2,completed-valid,ham10000,hsfl,none,IID,2,0.7513729405891163,0.5546835237379817,0.7798302546180729,,,,,,461706.8536376953,1893.6056542396545,,,,,,,,,,,998.13037109375,,/media/jackson/Data/ehsfp_campaign/outputs_journal_v1/main_ham10000_hsfl_s2
main_ham10000_hsfl_s3,completed-valid,ham10000,hsfl,none,IID,3,0.7578632051922117,0.5902041879693839,0.7893160259610584,,,,,,461706.8536376953,1899.4599001407623,,,,,,,,,,,994.247265625,,/media/jackson/Data/ehsfp_campaign/outputs_journal_v1/main_ham10000_hsfl_s3
main_ham10000_hsfl_s4,completed-valid,ham10000,hsfl,none,IID,4,0.8152770843734398,0.6748630458148694,0.8152770843734398,,,,,,461706.8536376953,1924.4381144046783,,,,,,,,,,,994.34765625,,/media/jackson/Data/ehsfp_campaign/outputs_journal_v1/main_ham10000_hsfl_s4
main_ham10000_hsfp_s0,completed-valid,ham10000,h-sfp,baseline_hsfp,IID,0,0.32800798801797304,0.18777321635094094,0.6035946080878682,,,,,,15781.756317138672,11468.862,60,,0.006786086471889765,,,,,,0.0,0.0,,not_converged,/home/jackson/Desktop/Split-Federated-Merging-Learning/outputs/journal_v1/main_ham10000_hsfp_s0/ebb9daeaf490/9caea87eb5f61a406c10a27fc6fd2de382cb5b7174665358a4c584737df4a192
main_ham10000_hsfp_s1,completed-suspect,ham10000,h-sfp,baseline_hsfp,IID,1,0.16125811283075386,0.13134247538575453,0.5931103344982526,,,,,,15898.303192138672,11183.1014,60,,0.0029851378698303012,,,,,,0.0,0.0,,not_converged;near_chance_accuracy,/home/jackson/Desktop/Split-Federated-Merging-Learning/outputs/journal_v1/main_ham10000_hsfp_s1/ebb9daeaf490/e815ed1eb41e47e42ffbba3d111b5f70da47962a0bb1d637781bfb5f9f53f3da
main_ham10000_hsfp_s2,completed-valid,ham10000,h-sfp,baseline_hsfp,IID,2,0.5012481278082875,0.27620884154300657,0.6225661507738393,,,,,,15797.506317138672,11314.8755,60,,0.009138065243622335,,,,,,0.0,0.0,,not_converged,/home/jackson/Desktop/Split-Federated-Merging-Learning/outputs/journal_v1/main_ham10000_hsfp_s2/ebb9daeaf490/99afa4115179c207fa00719c0a35070d91a177322cfca00d3ae06039938ea961
main_ham10000_hsfp_s3,completed-valid,ham10000,h-sfp,baseline_hsfp,IID,3,0.38242636045931105,0.25695554319989233,0.5851223165252122,,,,,,15587.381317138672,11136.9187,60,,0.005029958806174163,,,,,,0.0,0.0,,not_converged,/home/jackson/Desktop/Split-Federated-Merging-Learning/outputs/journal_v1/main_ham10000_hsfp_s3/ebb9daeaf490/e3e0ead0d20898463800d99490091e46e31947b29bbac319e25238883d833a0f
main_ham10000_hsfp_s4,completed-valid,ham10000,h-sfp,baseline_hsfp,IID,4,0.309036445332002,0.24583047429294685,0.6280579131303046,,,,,,15622.912567138672,11302.5646,60,,0.0004996997763464642,,,,,,0.0,0.0,,not_converged,/home/jackson/Desktop/Split-Federated-Merging-Learning/outputs/journal_v1/main_ham10000_hsfp_s4/ebb9daeaf490/37ff833d89d33c432a32c0d445b6515e59c0ffe845f088a2ef331df878bbcdb3
main_ham10000_splitfl_s0,completed-valid,ham10000,splitfl,none,IID,0,0.7728407388916625,0.6207091143450567,0.8002995506739891,,,,,,197073.5595703125,2365.5740106105804,60,13,2.1674926452059142e-05,,,,,,,,539.6415185546875,,/media/jackson/Data/ehsfp_campaign/outputs_journal_v1/main_ham10000_splitfl_s0
main_ham10000_splitfl_s1,completed-valid,ham10000,splitfl,none,IID,1,0.7973040439340988,0.6512035882557037,0.799800299550674,,,,,,197073.5595703125,2353.8160536289215,60,19,6.554322285917069e-05,,,,,,,,540.7093310546875,,/media/jackson/Data/ehsfp_campaign/outputs_journal_v1/main_ham10000_splitfl_s1
main_ham10000_splitfl_s2,completed-valid,ham10000,splitfl,none,IID,2,0.8072890664003994,0.636975889172059,0.8072890664003994,,,,,,197073.5595703125,2348.6028094291687,60,17,4.5024824221481235e-05,,,,,,,,540.7093310546875,,/media/jackson/Data/ehsfp_campaign/outputs_journal_v1/main_ham10000_splitfl_s2
main_ham10000_splitfl_s3,completed-valid,ham10000,splitfl,none,IID,3,0.7603594608087868,0.6025649369159541,0.7878182725911134,,,,,,197073.5595703125,2345.6888496875763,60,12,4.711853836818419e-05,,,,,,,,540.0805810546875,,/media/jackson/Data/ehsfp_campaign/outputs_journal_v1/main_ham10000_splitfl_s3
main_ham10000_splitfl_s4,completed-valid,ham10000,splitfl,none,IID,4,0.7778332501248127,0.6442885468214883,0.7938092860708936,,,,,,197073.5595703125,2349.1678297519684,60,11,3.164499381731199e-05,,,,,,,,541.0874560546874,,/media/jackson/Data/ehsfp_campaign/outputs_journal_v1/main_ham10000_splitfl_s4
main_isic2018_ehsfp_s0,completed-valid,isic2018,h-sfp,full_e_hsfp,IID,0,,,,0.43645786669236697,0.5903404536118244,0.41074797310180405,0.563352524795894,best-round on evaluation split (= test split),284880.4438171387,29217.9284,60,3,6.03044110428832e-06,,,,,,192.0,122.0,,,/home/jackson/Desktop/Split-Federated-Merging-Learning/segmentation/H-SFP/Figure/data/runs/e8603b4afde3/a2c6efce03a10bac09a582fc6ed99823002e340a61f64347ad225a38613bfc60
main_isic2018_federated_s0,completed-suspect,isic2018,federated,none,IID,0,,,,0.2625,0.37979999999999997,,,best-round checkpoint; validation split = test split,137899.07,6942.9453,,,,,,,,,,,,best_at_round_1(no_learning_after_init),
main_isic2018_federated_s1,completed-valid,isic2018,federated,none,IID,1,,,,0.2771,0.40549999999999997,,,best-round checkpoint; validation split = test split,137899.07,6956.6442,,,,,,,,,,,,,
main_isic2018_federated_s2,completed-valid,isic2018,federated,none,IID,2,,,,0.2671,0.394,,,best-round checkpoint; validation split = test split,137899.07,6881.4835,,,,,,,,,,,,,
main_isic2018_federated_s3,completed-valid,isic2018,federated,none,IID,3,,,,0.2771,0.4021,,,best-round checkpoint; validation split = test split,137899.07,6919.8556,,,,,,,,,,,,,
main_isic2018_federated_s4,completed-suspect,isic2018,federated,none,IID,4,,,,0.2601,0.3763,,,best-round checkpoint; validation split = test split,137899.07,6964.8384,,,,,,,,,,,,best_at_round_1(no_learning_after_init),
main_isic2018_hetero-sfl_s0,completed-suspect,isic2018,hetero-sfl,none,IID,0,,,,0.2605,0.3768,,,best-round checkpoint; validation split = test split,,8335.21,,,,,,,,,,,,,
main_isic2018_hetero-sfl_s1,completed-suspect,isic2018,hetero-sfl,none,IID,1,,,,0.2602,0.3765,,,best-round checkpoint; validation split = test split,,8326.78,,,,,,,,,,,,,
main_isic2018_hetero-sfl_s2,completed-suspect,isic2018,hetero-sfl,none,IID,2,,,,0.2603,0.3766,,,best-round checkpoint; validation split = test split,,8219.14,,,,,,,,,,,,,
main_isic2018_hetero-sfl_s3,completed-suspect,isic2018,hetero-sfl,none,IID,3,,,,0.2603,0.3767,,,best-round checkpoint; validation split = test split,,8639.96,,,,,,,,,,,,,
main_isic2018_hetero-sfl_s4,completed-suspect,isic2018,hetero-sfl,none,IID,4,,,,0.2605,0.3769,,,best-round checkpoint; validation split = test split,,8200.8,,,,,,,,,,,,,
main_isic2018_hierfl_s0,completed-valid,isic2018,hierfl,none,IID,0,,,,0.7333,0.8383,,,best-round checkpoint; validation split = test split,225235.14,13882.9721,,,,,,,,,,,,,
main_isic2018_hierfl_s1,completed-valid,isic2018,hierfl,none,IID,1,,,,0.7273999999999999,0.8317,,,best-round checkpoint; validation split = test split,224085.98,13520.7523,,,,,,,,,,,,,
main_isic2018_hierfl_s2,completed-valid,isic2018,hierfl,none,IID,2,,,,0.7012999999999999,0.8114,,,best-round checkpoint; validation split = test split,224545.64,13428.1818,,,,,,,,,,,,,
main_isic2018_hierfl_s3,completed-valid,isic2018,hierfl,none,IID,3,,,,0.7148000000000001,0.8248000000000001,,,best-round checkpoint; validation split = test split,219949.01,13482.9903,,,,,,,,,,,,,
main_isic2018_hierfl_s4,completed-valid,isic2018,hierfl,none,IID,4,,,,0.7001999999999999,0.8127,,,best-round checkpoint; validation split = test split,224315.81,13524.4761,,,,,,,,,,,,,
main_isic2018_hsfl_s0,completed-valid,isic2018,hsfl,none,IID,0,,,,0.41409999999999997,0.5672,,,"best-validation checkpoint, test split",617316.47,7942.6647,,,,,,,,,,,,,
main_isic2018_hsfl_s1,completed-valid,isic2018,hsfl,none,IID,1,,,,0.3836,0.538,,,"best-validation checkpoint, test split",617316.47,7571.1594,,,,,,,,,,,,,
main_isic2018_hsfl_s2,completed-valid,isic2018,hsfl,none,IID,2,,,,0.3931,0.5457,,,"best-validation checkpoint, test split",617316.47,7778.1274,,,,,,,,,,,,,
main_isic2018_hsfl_s3,completed-valid,isic2018,hsfl,none,IID,3,,,,0.4008,0.5532,,,"best-validation checkpoint, test split",617316.47,8098.3423,,,,,,,,,,,,,
main_isic2018_hsfl_s4,completed-valid,isic2018,hsfl,none,IID,4,,,,0.42369999999999997,0.5702,,,"best-validation checkpoint, test split",617316.47,7755.1383,,,,,,,,,,,,,
main_isic2018_hsfp_s0,completed-valid,isic2018,h-sfp,baseline_hsfp,IID,0,,,,0.524267368565395,0.6725356780662708,0.47479568958989576,0.6270424663169847,best-round on evaluation split (= test split),285064.7875671387,19570.2821,60,25,1.9614423615294114e-05,,,,,,0.0,0.0,,,/home/jackson/Desktop/Split-Federated-Merging-Learning/segmentation/H-SFP/Figure/data/runs/e8603b4afde3/5ed3288bca5304359e737ff05547dd4b4fc348c99aecbee61be2bd6169c7e934
main_isic2018_hsfp_s1,completed-valid,isic2018,h-sfp,baseline_hsfp,IID,1,,,,0.5067097966954509,0.6568041984405261,0.4770948267401247,0.6311078203492044,best-round on evaluation split (= test split),285064.9438171387,19750.4211,60,43,1.2985842708700377e-05,,,,,,0.0,0.0,,,/home/jackson/Desktop/Split-Federated-Merging-Learning/segmentation/H-SFP/Figure/data/runs/e8603b4afde3/1e1ef7772799442717c9d36bd6ab4be22d33d2a72f0ed2ad2b33612ce546faa1
main_isic2018_hsfp_s2,completed-valid,isic2018,h-sfp,baseline_hsfp,IID,2,,,,0.5483100239035674,0.6956104631489615,0.47733842768976165,0.6287484438436751,best-round on evaluation split (= test split),285065.1313171387,19918.573,60,45,0.00017303005447710058,,,,,,0.0,0.0,,,/home/jackson/Desktop/Split-Federated-Merging-Learning/segmentation/H-SFP/Figure/data/runs/e8603b4afde3/be325ac20b7a2a0125514f117419ca43a958c904de761d17bcb9877984fd614b
main_isic2018_hsfp_s3,completed-valid,isic2018,h-sfp,baseline_hsfp,IID,3,,,,0.5111053010748302,0.6578681572615966,0.45246028303481084,0.596119486898307,best-round on evaluation split (= test split),285064.9125671387,20027.6864,60,34,0.00045709722677794414,,,,,,0.0,0.0,,,/home/jackson/Desktop/Split-Federated-Merging-Learning/segmentation/H-SFP/Figure/data/runs/e8603b4afde3/ae592efe82069d1dc8dd2ca21c6ae76709d2573f90f37ec8544c4aadee7d814a
main_isic2018_hsfp_s4,completed-valid,isic2018,h-sfp,baseline_hsfp,IID,4,,,,0.5173670650428344,0.6672043900120076,0.47058708435114593,0.6198430508838618,best-round on evaluation split (= test split),285064.9750671387,19860.8965,60,44,0.00013202952290008392,,,,,,0.0,0.0,,,/home/jackson/Desktop/Split-Federated-Merging-Learning/segmentation/H-SFP/Figure/data/runs/e8603b4afde3/6c66a7350c602effc49616598d440c18ba25adf5746517cb3ac38c2b4ff734e9
main_isic2018_splitfl_s0,completed-valid,isic2018,splitfl,none,IID,0,,,,0.4171,0.5597,,,"final round, test split",252254.26,8426.0,,,,,,,,,,,,,
main_isic2018_splitfl_s1,completed-valid,isic2018,splitfl,none,IID,1,,,,0.4103,0.5587,,,"final round, test split",252254.26,8487.04,,,,,,,,,,,,,
main_isic2018_splitfl_s2,completed-valid,isic2018,splitfl,none,IID,2,,,,0.4115,0.5592,,,"final round, test split",252254.26,8437.41,,,,,,,,,,,,,
main_isic2018_splitfl_s3,completed-valid,isic2018,splitfl,none,IID,3,,,,0.4233,0.5735,,,"final round, test split",252254.26,8660.33,,,,,,,,,,,,,
main_isic2018_splitfl_s4,completed-valid,isic2018,splitfl,none,IID,4,,,,0.42869999999999997,0.5798,,,"final round, test split",252254.26,8383.24,,,,,,,,,,,,,
parity_cifar100_hsfp,completed-valid (duplicate of main_*_hsfp_s0; not pooled),cifar100,h-sfp,baseline_hsfp,IID,0,0.1087,0.0952976025796669,0.1118,,,,,,1450.131591796875,6972.1532,60,48,2.707999999999994e-06,,,,,,0.0,0.0,,,/home/jackson/Desktop/Split-Federated-Merging-Learning/outputs/journal_v1/parity_cifar100_hsfp/2ddc3d9efc2c/455d179217e179778327403661bb4d5b657efd69615ba4931f3357eb6b2a0c8e
parity_cifar10_hsfp,completed-valid (duplicate of main_*_hsfp_s0; not pooled),cifar10,h-sfp,baseline_hsfp,IID,0,0.2725,0.25371918169323276,0.2725,,,,,,5697.8607177734375,4471.8664,60,25,1.5456000000000056e-06,,,,,,0.0,0.0,,,/home/jackson/Desktop/Split-Federated-Merging-Learning/outputs/journal_v1/parity_cifar10_hsfp/e7518bc2282a/b3cf8082daa4d8c88e1874fadae654e0f2514099d674096c80c3f728b659a2a7
parity_ham10000_hsfp,completed-valid (duplicate of main_*_hsfp_s0; not pooled),ham10000,h-sfp,baseline_hsfp,IID,0,0.32800798801797304,0.18777321635094094,0.6035946080878682,,,,,,15781.756317138672,13873.759,60,,0.006786086471889765,,,,,,0.0,0.0,,not_converged,/home/jackson/Desktop/Split-Federated-Merging-Learning/outputs/journal_v1/parity_ham10000_hsfp/ebb9daeaf490/27de5b2830364b6978f6c33efb030b9ddfc1159d23b685e785ae25f07936efdb
parity_isic2018_hsfp,completed-valid (duplicate of main_*_hsfp_s0; not pooled),isic2018,h-sfp,baseline_hsfp,IID,0,,,,0.524267368565395,0.6725356780662708,0.47479568958989576,0.6270424663169847,best-round on evaluation split (= test split),285064.7875671387,22744.8081,60,25,1.9614423615294114e-05,,,,,,0.0,0.0,,,/home/jackson/Desktop/Split-Federated-Merging-Learning/segmentation/H-SFP/Figure/data/runs/e8603b4afde3/3d7712905989022b0841497443030942bfe12b0431489926d8f0ba6288559233
