Dataset,Partition,Method,Acc (%),Macro-F1 (%),Rounds to conv.,Edge drift,Comm (GB)
CIFAR-10,IID,H-SFP,27.94 ± 0.59,25.46 ± 0.72,38.2 ± 7.4,—,5.6 ± 0.0
CIFAR-10,IID,E-HSFP,27.42 ± 0.72,24.72 ± 1.23,35.2 ± 4.9,—,5.5 ± 0.0
CIFAR-10,Non-IID mild dir(0.7),H-SFP,—,—,—,—,—
CIFAR-10,Non-IID mild dir(0.7),E-HSFP,—,—,—,—,—
CIFAR-10,Non-IID severe dir(0.3),H-SFP,—,—,—,—,—
CIFAR-10,Non-IID severe dir(0.3),E-HSFP,—,—,—,—,—
CIFAR-100,IID,H-SFP,10.80 ± 0.14,9.17 ± 0.25,50.6 ± 2.4,—,1.4 ± 0.0
CIFAR-100,IID,E-HSFP,10.69 ± 0.26,8.90 ± 0.28,53.2 ± 1.3,—,1.4 ± 0.0
CIFAR-100,Non-IID mild dir(0.7),H-SFP,—,—,—,—,—
CIFAR-100,Non-IID mild dir(0.7),E-HSFP,—,—,—,—,—
CIFAR-100,Non-IID severe dir(0.3),H-SFP,—,—,—,—,—
CIFAR-100,Non-IID severe dir(0.3),E-HSFP,—,—,—,—,—
HAM10000,IID,H-SFP,33.64 ± 12.33,21.96 ± 5.94,—,—,15.4 ± 0.1
HAM10000,IID,E-HSFP,35.82 ± 6.46,22.32 ± 3.80,—,—,14.8 ± 0.1
HAM10000,Non-IID mild dir(0.7),H-SFP,—,—,—,—,—
HAM10000,Non-IID mild dir(0.7),E-HSFP,—,—,—,—,—
HAM10000,Non-IID severe dir(0.3),H-SFP,—,—,—,—,—
HAM10000,Non-IID severe dir(0.3),E-HSFP,—,—,—,—,—
