Method,CIFAR-10,CIFAR-100,HAM10000,ImageNet-1K
FedAvg,60.93 ± 0.80,54.57 ± 1.45,77.61 ± 0.72,blocked-data
FedProx,62.02 (n=1/5),—,—,blocked-data
FedNova,—,—,—,blocked-data
HierFL,57.91 ± 2.76,52.26 ± 2.98,77.58 ± 0.35,blocked-data
SplitFed,60.47 ± 1.08,57.05 ± 1.38,78.31 ± 1.90,blocked-data
HeteroSFL,15.99 ± 6.50,38.79 ± 1.23,56.66 ± 19.33,blocked-data
HSFL (A),73.75 ± 0.21,58.24 ± 0.69,77.63 ± 2.61,blocked-data
H-SFP (A),27.94 ± 0.59,10.80 ± 0.14,33.64 ± 12.33,blocked-data
E-HSFP,27.42 ± 0.72,10.69 ± 0.26,35.82 ± 6.46,blocked-data
FedProto,not implemented,not implemented,not implemented,blocked-data
FedGen,not implemented,not implemented,not implemented,blocked-data
FedDF,not implemented,not implemented,not implemented,blocked-data
